coffee,served
everyone,32
HackmasterA,10
dojobo,4
the,4
everybody,3
vmbrasseur,3
anyone,3
jeff,2
people,2
rodgort,2
Laevos,2
HackMasterA,2
mberkowski,2
Everyone,2
Anytone,1
all,1
zemkat,1
whoever,1
West,1
yo_bj,1
archivist,1
have,1
brews,1
emerac1,1
bibliotechy,1
hopkinsju,1
mbklein,1
for,1
no,1
nrogers_art,1
ThatAndromeda,1
MrDys,1
jcoyne,1
LDCX,1
do,1
k0avg,1
someone,1
missing,1
Please,1
jtgorman,1
wickr,1
cherveny2,1
half,1
Wooble,1
cherveny,1
escowles,1
with,1
a,1
rsinger,1
Code4Lib,1
code4lib,1
this,1
ejk,1
anybody,1
morning,1
afternoon,1
bshum,1
my,1
tha,1
jblyberg,1
